,CountryName,CountryCode,StartDate,EndDate,PolicyType,PolicyValue,Flag,InitialNote
11255,Ireland,IRL,20200204,20200228.0,H1: Public information campaigns,1,1.0,From Feb 4 - Advice given from Public Health Services: https://web.archive.org/save/https://www.gov.ie/en/press-release/258475-statement-from-the-national-public-health-emergency-team/
11256,Ireland,IRL,20200225,20200323.0,H2: Testing policy,2,,"90 suspected cases of Covid-19 (Coronavirus) tested in Ireland.  To date, there are no confirmed cases of Covid-19 (Coronavirus) in Ireland.    https://web.archive.org/web/20200326153335/https://www.gov.ie/en/press-release/b45400-statement-from-the-national-public-health-emergency-team/  "
11257,Ireland,IRL,20200225,20200604.0,H3: Contact tracing,1,,"""...In the event of a suspected case, contact tracing forms will be distributed to all passengers and pass completed forms to HSE lead personnel at the incident site""    https://web.archive.org/web/20200326153335/https://www.gov.ie/en/press-release/b45400-statement-from-the-national-public-health-emergency-team/"
11258,Ireland,IRL,20200229,,H1: Public information campaigns,2,1.0,"Daily updates, dedication information website since at least feb 24 when 1st case confirmed: Daily updates and briefing as well as information on prevention https://web.archive.org/save/https://www.gov.ie/en/news/7e0924-latest-updates-on-covid-19-coronavirus/"
11259,Ireland,IRL,20200312,20200326.0,C2: Workplace closing,1,1.0,"""People should continue to go to work, but those who can work from home should do so.""  https://web.archive.org/web/20200416201145/https://www.irishtimes.com/news/health/coronavirus-schools-colleges-and-childcare-facilities-in-ireland-to-shut-1.4200977"
11260,Ireland,IRL,20200312,20200625.0,C3: Cancel public events,2,1.0,"""Outdoor gatherings of more than 500 people should be cancelled""  https://web.archive.org/web/20200416201145/https://www.irishtimes.com/news/health/coronavirus-schools-colleges-and-childcare-facilities-in-ireland-to-shut-1.4200977"
11261,Ireland,IRL,20200312,20200314.0,C4: Restrictions on gatherings,2,1.0,Indoor gatherings of more than 100 people cancelled https://web.archive.org/save/https://www.rte.ie/news/coronavirus/2020/0312/1121849-taoiseach-full-statement-coronavirus-ireland/
11262,Ireland,IRL,20200313,20200625.0,C1: School closing,3,1.0,"From Friday 13 March, closure of schools, pre-schools and further and higher education settings (https://web.archive.org/web/20201220154648/https://www.gov.ie/en/press-release/92724a-covid-19-statement-from-the-department-of-education-and-skills/)  extended with extension of stay home measures and measures taken for distance learning: https://web.archive.org/web/20200426110942/https://www.education.ie/en/Press-Events/Press-Releases/2020-press-releases/PR20-04-22.html"
11263,Ireland,IRL,20200315,20200625.0,C4: Restrictions on gatherings,4,1.0,Government recommends against house parties https://web.archive.org/save/https://www.rte.ie/news/coronavirus/2020/0315/1123356-coronavirus-ireland/
11264,Ireland,IRL,20200315,20200323.0,E1: Income support,1,1.0,GThe new payment that has been put in place will be available to all employees and the self-employed who have lost employment due to a downturn in economic activity caused by the Covid-19 pandemic. The payment will have a simple one-page application form and will be paid for a period of 6 weeks at a flat rate payment of €203 per week. [https://web.archive.org/web/20200430220300/https://www.gov.ie/en/press-release/965011-covid-19-introduction-of-simplified-unemployment-payments-for-employ/] Average weekly earnings in Ireland is €790 for 2019 (could not find median)[https://web.archive.org/web/20200430220421/https://www.cso.ie/en/statistics/earnings/earningsandlabourcosts/]
11265,Ireland,IRL,20200324,,E1: Income support,2,1.0,"An eligible employer will be supported up to 70% of an employee’s take home income up to a maximum weekly tax free payment of €410 (that is, 70% of take home weekly income of €38,000 per anuum).    The scheme will provide support on incomes up to €76,000 or twice average earnings. It will be capped at net €350 for incomes between €38,000 and €76,000. The employer is expected to make best efforts to maintain as close to 100% of normal income as possible for the subsidised period. Unemployment Payment will now get an increased payment of €350 per week (instead of €203) at their next payment date; self employed entitled to this latter scheme. [https://web.archive.org/web/20200430221715/https://www.gov.ie/en/press-release/eaad55-government-announces-new-covid-19-income-support-scheme/#self-employed-workers]. The 70% coverage appears to apply only forformal workers"
11266,Ireland,IRL,20200324,20201123.0,E2: Debt/contract relief,2,,"Debt relief/ moratorium announced for rents, mortgage payments and utility bills[ https://web.archive.org/web/20200430221715/https://www.gov.ie/en/press-release/eaad55-government-announces-new-covid-19-income-support-scheme/#measures-in-place-for-renters]"
11267,Ireland,IRL,20200324,20200517.0,H2: Testing policy,1,,"Change in policy announced and adopted on March 24th.  “As we learn more about this disease, we are prioritising who will be tested. If you are not in a priority group, you might not be tested. However, if you have the symptoms, assume you have COVID-19 and isolate yourself.” Previous policy was deemed to have cast the net ""too wide"" and so now it has been changed to test only people who are symptomatic and within a ""priority group"" (eligible)    https://web.archive.org/web/20200528132035/https://www.gov.ie/en/press-release/e378fd-statement-from-the-national-public-health-emergency-team-on-tuesday-/    https://web.archive.org/web/20200402183545/https://www.bbc.co.uk/news/world-europe-52035604    https://web.archive.org/web/20200402183316/https://www2.hse.ie/conditions/coronavirus/testing.html   "
11268,Ireland,IRL,20200326,20200327.0,C6: Stay at home requirements,1,1.0,"Stay at home except for essential work, food, medicine  https://web.archive.org/web/20200425135210/https://www.rte.ie/news/politics/2020/0324/1124966-cabinet-coronavirus/"
11269,Ireland,IRL,20200326,20200327.0,C7: Restrictions on internal movement,1,1.0,No unnecessary travel within our outside of the country  https://web.archive.org/web/20200425135210/https://www.rte.ie/news/politics/2020/0324/1124966-cabinet-coronavirus/
11270,Ireland,IRL,20200327,20200517.0,C2: Workplace closing,3,1.0,"""people should stay at home for two weeks""  https://web.archive.org/web/20200416202237/https://www.theguardian.com/world/2020/mar/27/stay-home-varadkar-urges-irish-in-drastic-lockdown"
11271,Ireland,IRL,20200327,20200604.0,C5: Close public transport,2,1.0,"""To prevent further spread of COVID-19 the Government of Ireland have introduced new Public Health Measures including the restriction of public transport to essential travel only which is for the purpose of buying food or medicines, going to medical appointments, and for carers and essential workers. It is advised to use your TFI Leap Card to pay for your trip where possible. These new restrictions are effective from midnight Friday 27th of March until Sunday 12th of April. In addition, (80% of) revised public transport timetables will operate for some services from March 30th."" Source: https://www.transportforireland.ie/news/covid-19-information/"
11272,Ireland,IRL,20200327,20200607.0,H8: Protection of elderly people,3,1.0,"People 70+ ordered to ""cocoon"" in the initial lockdown for COVID-19.     https://web.archive.org/web/20201215233318/https://www.theguardian.com/world/2020/mar/27/stay-home-varadkar-urges-irish-in-drastic-lockdown"
11273,Ireland,IRL,20200328,20200517.0,C6: Stay at home requirements,2,1.0,"Order in effect requiring stay at home except for food, exercise, and emergency activities  https://web.archive.org/save/https://www.rte.ie/news/coronavirus/2020/0328/1126952-coronavirus-ireland/"
11274,Ireland,IRL,20200328,20200625.0,C7: Restrictions on internal movement,2,1.0,"Order in effect requiring stay at home except for food, exercise, and emergency activities  https://web.archive.org/save/https://www.rte.ie/news/coronavirus/2020/0328/1126952-coronavirus-ireland/"
11275,Ireland,IRL,20200406,20201221.0,C8: International travel controls,2,,Do not Travel advisory but no border closures: https://web.archive.org/save/https://www.dfa.ie/travel/travel-advice/coronavirus/; https://extra.ie/2020/03/30/news/irish-news/taoiseach-borders-will-not-close; Those entering from abroad must self-isolate for 14 days: Do not Travel advisory but no border closures: https://web.archive.org/save/https://www.dfa.ie/travel/travel-advice/coronavirus/; https://web.archive.org/web/20200426113602/https://www2.hse.ie/conditions/coronavirus/coronavirus.html  In place since April 6 according to NY times: https://web.archive.org/web/20200426113907/https://www.nytimes.com/article/coronavirus-travel-restrictions.html
11276,Ireland,IRL,20200518,20200625.0,C2: Workplace closing,2,1.0,"Phase 1 of Ireland's ""Roadmap for reopening"" which began on 18/05 allows for people who work outdoors ""a phased return of outdoor workers (for example: construction workers, gardeners, including people working on allotments) has commenced. Social distancing requirements continue to apply. ... Remote working is to continue for all workers or businesses that can do so.""  https://web.archive.org/web/20200525212613/https://www.gov.ie/en/publication/ad5dd0-easing-the-covid-19-restrictions-on-may-18-phase-1/#work"
11277,Ireland,IRL,20200518,20200625.0,C6: Stay at home requirements,1,1.0,"Government website instructs that ""you should still stay at home as much as you possibly can."" but not required to stay home. https://www.gov.ie/en/publication/ad5dd0-easing-the-covid-19-restrictions-on-may-18-phase-1/"
11278,Ireland,IRL,20200518,20200604.0,H2: Testing policy,2,,"""Everyone over five years of age in Northern Ireland with symptoms of coronavirus is now eligible for testing."" ttps://web.archive.org/web/20200525224412/https://www.publichealth.hscni.net/covid-19-coronavirus/testing-covid-19"
11279,Ireland,IRL,20200605,20200625.0,C5: Close public transport,0,,Social distancing enforced. https://web.archive.org/web/20200528125850/https://www.gov.ie/en/publication/ad5dd0-easing-the-covid-19-restrictions-on-may-18-phase-1/
11280,Ireland,IRL,20200605,20200625.0,H2: Testing policy,1,,Following an over-the-phone screening your GP will decide if you need to tested or just need to isolate.     Source: /web/20200615181301/https://www2.hse.ie/conditions/coronavirus/testing/how-to-get-tested.html
11281,Ireland,IRL,20200605,20201231.0,H3: Contact tracing,2,,"If you are a contact you must be tested, regardless of your symptoms or lack thereof.    Source: /web/20200615181301/https://www2.hse.ie/conditions/coronavirus/testing/how-to-get-tested.html"
11282,Ireland,IRL,20200608,20200912.0,H8: Protection of elderly people,2,1.0,"From June 8 - 28, Ireland is in phase 2 of reopening. Under phase 2:     ""Shops will provide dedicated hours for those who are cocooning (people over the age of 70 and those who are medically vulnerable) with strict social distancing and gloves made available. Shoppers should ideally wear face coverings. Those who are cocooning can have a small number of visitors to their home. The visitors must wear gloves, face coverings and keep at least 2 metres away from the person who is cocooning.""     https://web.archive.org/web/20200527174951/https://www.gov.ie/en/publication/7ae99f-easing-the-covid-19-restrictions-on-june-8-phase-2/  https://web.archive.org/web/20200526132716/https://www.gov.ie/en/news/58bc8b-taoiseach-announces-roadmap-for-reopening-society-and-business-and-u/"
11283,Ireland,IRL,20200626,20200920.0,C1: School closing,2,1.0,"""The following may reopen: all adult education facilities creches, childminding facilities and pre-schools summer camps youth clubs all indoor and outdoor amenities for children"" https://web.archive.org/web/20201220160714/https://www.gov.ie/en/campaigns/resilience-recovery-2020-2021-plan-for-living-with-covid-19/?referrer=http://www.gov.ie/en/publication/d06271-easing-the-covid-19-restrictions-on-29-june-phase-3/"
11284,Ireland,IRL,20200626,20200807.0,C2: Workplace closing,1,1.0,"""The following may reopen:  - wellbeing services - for example: chiropractic, massage therapy, acupuncture, reflexology and homoeopathy  - hairdressers, barbers, nail and brow salons, beauty salons, spas, make-up application services, - tanning, tattooing and piercing services  - driving schools  - all remaining retail (for example, bookmakers), services and commercial activities""  However, all employees who can work from home are encouraged to do so.   https://web.archive.org/save/https://www.gov.ie/en/publication/d06271-easing-the-covid-19-restrictions-on-29-june-phase-3/"
11285,Ireland,IRL,20200626,20200807.0,C3: Cancel public events,0,,"""Mass gatherings:  - People can now meet at organised events in limited numbers.  - These events can include sports, music / entertainment, religious events, family events (such as weddings, funerals and so on) large conferences and exhibitions, as well as community, charity events and other types of events.  - Mass gatherings should be organised in advance and follow public health advice for COVID-19, including advice on physical distancing.""  https://web.archive.org/save/https://www.gov.ie/en/publication/d06271-easing-the-covid-19-restrictions-on-29-june-phase-3/"
11286,Ireland,IRL,20200626,20200807.0,C4: Restrictions on gatherings,2,1.0,"Indoor gatherings of up to 50ppl, outdoor gatherings of up to 200 ppl. https://web.archive.org/save/https://www.gov.ie/en/publication/d06271-easing-the-covid-19-restrictions-on-29-june-phase-3/"
11287,Ireland,IRL,20200626,20200917.0,C5: Close public transport,1,1.0,"Capacity remains restricted, recommended to use only for essential travel.https://web.archive.org/save/https://www.gov.ie/en/publication/d06271-easing-the-covid-19-restrictions-on-29-june-phase-3/"
11288,Ireland,IRL,20200626,20200807.0,C6: Stay at home requirements,0,,"""Easing of stay local"" - no longer required or recommended to stay home, but do recommend wearing face coverings when in public. https://web.archive.org/save/https://www.gov.ie/en/publication/d06271-easing-the-covid-19-restrictions-on-29-june-phase-3/"
11289,Ireland,IRL,20200626,20200807.0,C7: Restrictions on internal movement,0,,"""You can now travel anywhere in Ireland.""https://web.archive.org/save/https://www.gov.ie/en/publication/d06271-easing-the-covid-19-restrictions-on-29-june-phase-3/"
11290,Ireland,IRL,20200626,,H2: Testing policy,2,,"Tests available for anyone with a cough, fever, loss or change of sense of smell or taste, SOB.  https://web.archive.org/web/20200709213444/https://www2.hse.ie/conditions/coronavirus/testing/how-to-get-tested.html"
11291,Ireland,IRL,20200716,20201231.0,H6: Facial Coverings,2,1.0,"On 16th July 2020, face coverings must be worn in all shops, retail settings and shopping centres. The government strongly advised people to start obeying the guidance immediately, but note that regulations will take some time to draft (likely to be implemented in the coming week/s).  https://web.archive.org/web/20200827225043/https://www.rte.ie/news/business/2020/0715/1153527-mandate-calls-for-masks-to-be-mandatory/"
11292,Ireland,IRL,20200808,20200920.0,C2: Workplace closing,3,0.0,"From 8th August 2020, Ireland has announced local lockdowns in the counties of Kildare, Laois and Offaly, leading to the closure of cinemas, museums, galleries and restaurants and pubs serving food. Pubs, bars, hotel bars, night clubs and casinos will remain closed nationwide also.   https://web.archive.org/web/20200826120131/https://medicalxpress.com/news/2020-08-ireland-local-lockdowns-virus-cases.html"
11293,Ireland,IRL,20200808,20200817.0,C3: Cancel public events,2,0.0,"Indoor gatherings  All indoor gatherings should be restricted to a maximum of six people from no more than three households, while maintaining physical distancing.  Outdoor gatherings  Outdoor gatherings should be limited to a maximum of 15 people, while maintaining physical distancing.  Cultural events and religious services  All cinemas, theatres, casinos, betting shops, bingo halls, gyms, leisure centres, swimming pools, exercise and dance studios must close at midnight.  Attendance at a funeral service and burial or cremation ceremony should be limited to 25 outdoors. Indoor events connected to the funeral are limited to a maximum of six people.  Places of worship remain open for private prayer, while services are to be held online.  Sport  No sporting events or matches should take place, with the following exemptions:  Non-contact training outdoors in a maximum group of 15 people may continue;  Professional and elite sports and horseracing may continue behind closed doors;  Inter-county training (maximum 15 people) and fixtures may continue behind closed doors.    https://web.archive.org/web/20200826123206/https://www.leitrimobserver.ie/news/gaelic-games/567148/breaking-fans-banned-from-all-sporting-events-as-government-announce-new-strict-covid-19-rules.html"
11294,Ireland,IRL,20200808,20201020.0,C4: Restrictions on gatherings,3,0.0,"In light of the local lockdowns in the counties of Kildare, Laois and Offaly from 8th August 2020, Ireland is requiring people to restrict the number of visitors to their homes to six and limit outdoor gatherings to 15. Nationwide, the limits on crowds of 200 for outdoors and 50 for indoors would remain in place.  https://web.archive.org/web/20200826120131/https://medicalxpress.com/news/2020-08-ireland-local-lockdowns-virus-cases.html"
11295,Ireland,IRL,20200808,20200917.0,C6: Stay at home requirements,1,0.0,"Restrictions have been imposed on Kildare, Offaly and Laois:    Economic activity and work  Anyone in these counties who can work from home should work from home.    There is no curfew in place, therefore, restrictions wouldn't count as a Level 2.    Cafes and restaurants  All cafes and restaurants, including bars operating as restaurants, should only offer takeaway or delivery, or outdoor dining (maximum 15 people with strict physical distancing). Otherwise they should close.    Hotels can remain open but must limit occupancy to essential non-social and non-tourist reasons. Existing guests can remain for the duration of their booking.    Indoor gatherings  All indoor gatherings should be restricted to a maximum of six people from no more than three households, while maintaining physical distancing.    Outdoor gatherings  Outdoor gatherings should be limited to a maximum of 15 people, while maintaining physical distancing.    Cultural events and religious services  All cinemas, theatres, casinos, betting shops, bingo halls, gyms, leisure centres, swimming pools, exercise and dance studios must close at midnight.    Attendance at a funeral service and burial or cremation ceremony should be limited to 25 outdoors. Indoor events connected to the funeral are limited to a maximum of six people.    Places of worship remain open for private prayer, while services are to be held online.    https://web.archive.org/web/20210419172633/https://www.irishtimes.com/news/ireland/irish-news/main-points-what-restrictions-have-been-imposed-on-kildare-offaly-and-laois-1.4324852"
11296,Ireland,IRL,20200808,20200917.0,C7: Restrictions on internal movement,2,0.0,"Residents of Kildare, Offaly and Laois can only travel within their own county, other than for the following reasons:  To travel to and from work where that work cannot be done from home;  To attend medical appointments, collect medicines and other health products;  For vital family reasons, like providing care to children, elderly or vulnerable people, but excluding social family visits;  For farming purposes, food production or care of animals.  People are asked not to travel into any of these counties, other than for the reasons above, and you need to travel through these counties to get somewhere else.  People are asked not stop in Kildare, Laois or Offaly during a journey unless for essential purposes.    However, it is unclear how these restrictions were enforced.    https://web.archive.org/web/20210419172633/https://www.irishtimes.com/news/ireland/irish-news/main-points-what-restrictions-have-been-imposed-on-kildare-offaly-and-laois-1.4324852"
11297,Ireland,IRL,20200818,20200920.0,C3: Cancel public events,2,1.0,"Amidst a reinstated ban on mass gatherings, the Government have banned spectators from attending all sporting events with immediate effect starting 18th August 2020.   https://web.archive.org/web/20200826123206/https://www.leitrimobserver.ie/news/gaelic-games/567148/breaking-fans-banned-from-all-sporting-events-as-government-announce-new-strict-covid-19-rules.html    Cultural and social activities  Restaurants and cafes (including pubs that serve food and hotel restaurants)  they should close by 11.30pm  all customer facing staff to wear face coverings  all customers to wear face coverings until seated and again on departure  they are required to keep contact details to support contact tracing  all customers to be seated at a table, with no seating allowed at the bar and table service only  there should be a maximum of 6 people from no more than 3 households allowed at a table   events, parties or gatherings of more than 6 people indoors or 15 people outdoors are not allowed in these settings all tables must have hand sanitiser    Sports  Sporting events and matches can continue to take place but behind closed doors with:  strict avoidance of gatherings, including social gatherings, before or after events  strict adherence to 2 metre physical distancing before and after events, during breaks in play, on the sidelines and avoidance of team huddles  gyms/leisure centres/swimming pools/exercise and dance studios will remain open with strict distancing and other appropriate protective measures in place  limits of 6 apply to exercise and dance classes with appropriate physical distancing  limits of 15 apply to groups outside including training sessions (with exception of elite/professional sports and horseracing).  There should be no mixing between groups  https://web.archive.org/web/20210419181322/https://www.gov.ie/en/publication/77b6d-statement-on-the-introduction-of-new-measures-to-limit-the-spread-of-covid-19/"
11298,Ireland,IRL,20200913,20201005.0,H8: Protection of elderly people,3,0.0,"Dublin care homes take advanced measures: ""NPHET has recommended that for the next three weeks, in order to reduce resident contacts, Long-term Residential Care facilities (LTRCs) in Dublin should reduce the number of visitors to one nominated visitor per resident. ""     http://web.archive.org/web/20200930154127/https://www.hpsc.ie/a-z/respiratory/coronavirus/novelcoronavirus/guidance/infectionpreventionandcontrolguidance/residentialcarefacilities/"
11299,Ireland,IRL,20200918,20201020.0,C5: Close public transport,1,0.0,"The Government has published ‘Resilience and Recovery 2020 – 2021: Plan for Living with COVID-19’. This plan replaces the previous Roadmap for Reopening Society and Business. The plan sets out 5 levels that correspond to the severity of COVID-19 in a location. Level 2 restrictions currently apply to most counties. Level 3 restrictions are in place in Dublin from midnight on 18 September 2020, and Donegal from midnight on 25 September 2020.  Under level 2 and 3 restrictions, Public transport can operate with capacity restricted to 50%. People over 70 and people who are medically vulnerable should avoid public transport, shop during designated hours and limit their interactions to a small number of people.  http://web.archive.org/web/20201001164600/https://www.citizensinformation.ie/en/covid19/living_with_covid19_plan.html"
11300,Ireland,IRL,20200918,20201020.0,C6: Stay at home requirements,1,1.0,"The Government has published ‘Resilience and Recovery 2020 – 2021: Plan for Living with COVID-19’. This plan replaces the previous Roadmap for Reopening Society and Business. The plan sets out 5 levels that correspond to the severity of COVID-19 in a location. Level 2 restrictions currently apply to most counties. Level 3 restrictions are in place in Dublin from midnight on 18 September 2020, and Donegal from midnight on 25 September 2020.    There are no curfews or required stay at home orders in Level 2 or 3 areas. Therefore, stay-at-home requirements should be recorded as less than a 2.    Under level 3 restrictions, you can have visitors to your home from 1 other household only. You should not meet socially in other settings. Schools, creches and outdoor play areas remain open with restrictive measures in place. People over 70 and people who are medically vulnerable should avoid public transport, shop during designated hours and limit their interactions to a small number of people. In Dublin, while level 3 restrictions are in place, pubs that serve food and restaurants can remain open for take-away, delivery and outdoor dining for a maximum of 15 people. 'Wet' pubs must remain closed in Dublin. Nightclubs, casinos and discos will remain closed. Hotel services are limited to residents. Shops can open, along with hairdressers, beauticians and barbers. Face coverings must be worn.    http://web.archive.org/web/20201001164600/https://www.citizensinformation.ie/en/covid19/living_with_covid19_plan.html"
11301,Ireland,IRL,20200918,20201020.0,C7: Restrictions on internal movement,1,0.0,"The Government has published ‘Resilience and Recovery 2020 – 2021: Plan for Living with COVID-19’. This plan replaces the previous Roadmap for Reopening Society and Business. The plan sets out 5 levels that correspond to the severity of COVID-19 in a location. Level 2 restrictions currently apply to most counties. Level 3 restrictions are in place in Dublin from midnight on 18 September 2020, and Donegal from midnight on 25 September 2020.  Under level 2 restrictions, there are no restrictions on travel within Ireland.  Under level 3 restrictions, it is recommended not to travel outside the county.   http://web.archive.org/web/20201001164600/https://www.citizensinformation.ie/en/covid19/living_with_covid19_plan.html"
11302,Ireland,IRL,20200921,20201020.0,C1: School closing,1,1.0,"The Government has published ‘Resilience and Recovery 2020 – 2021: Plan for Living with COVID-19’. This plan replaces the previous Roadmap for Reopening Society and Business. The plan sets out 5 levels that correspond to the severity of COVID-19 in a location. Level 2 restrictions currently apply to most counties. Level 3 restrictions are in place in Dublin from midnight on 18 September 2020, and Donegal from midnight on 25 September 2020.  Under level 3 restrictions, Schools, creches and outdoor play areas remain open with restrictive measures in place. The priority is to keep schools and early learning and childcare services open and minimise disruption in the work force.  http://web.archive.org/web/20201001164600/https://www.citizensinformation.ie/en/covid19/living_with_covid19_plan.html  "
11303,Ireland,IRL,20200921,20201020.0,C2: Workplace closing,2,1.0,"Bars, cafes, and restaurants can open with additional restrictions. In Dublin, while level 3 restrictions are in place, pubs that serve food and restaurants can remain open for take-away, delivery, and outdoor dining for a maximum of 15 people. 'Wet' pubs must remain closed in Dublin. In Donegal, while level 3 restrictions are in place, wet pubs, pubs that serve food, and restaurants can remain open for take-away, delivery, and outdoor dining for a maximum of 15 people. Nightclubs, casinos, and discos remain closed. Hotel services are limited to residents.  http://web.archive.org/web/20201001164600/https://www.citizensinformation.ie/en/covid19/living_with_covid19_plan.html https://web.archive.org/web/20210418183337/https://www.garda.com/crisis24/news-alerts/381191/ireland-authorities-impose-tighter-restrictions-in-dublin-from-september-19-update-14"
11304,Ireland,IRL,20200921,20201006.0,C3: Cancel public events,2,0.0,"The Government has published ‘Resilience and Recovery 2020 – 2021: Plan for Living with COVID-19’. This plan replaces the previous Roadmap for Reopening Society and Business. The plan sets out 5 levels that correspond to the severity of COVID-19 in a location. Level 2 restrictions currently apply to most counties. Level 3 restrictions are in place in Dublin from midnight on 18 September 2020, and Donegal from midnight on 25 September 2020.  Under level 3 restrictions, no organised indoor events should take place, except professional sports events that can take place behind closed doors. Up to 15 can go to organised outdoor events (including sporting events). Religious services are online only. Places of worship remain open for private prayer.  http://web.archive.org/web/20201001164600/https://www.citizensinformation.ie/en/covid19/living_with_covid19_plan.html   "
11305,Ireland,IRL,20201006,20220122.0,H8: Protection of elderly people,3,1.0,Ireland enters Level 3 for three weeks; level 3 includes extensive protection for elderly people.    http://web.archive.org/web/20210111181624/https://www.irishtimes.com/news/ireland/irish-news/coronavirus-state-to-move-to-level-3-from-midnight-on-tuesday-1.4372315    http://web.archive.org/web/20201001164600/https://www.citizensinformation.ie/en/covid19/living_with_covid19_plan.html#l8f60a
11306,Ireland,IRL,20201007,20210606.0,C3: Cancel public events,2,1.0,https://web.archive.org/web/*/https://www.gov.ie/en/publication/ad569-level-3/
11307,Ireland,IRL,20201021,20201229.0,C1: School closing,2,1.0,"Ireland moves to Level 5 restrictions on 21 October for 6 weeks    Schools and creches    In line with current NPHET advice in respect of Level 5, schools, early learning and childcare services will continue to remain open and are deemed essential.  https://archive.vn/oDBBe#schools-and-creches    However, higher education is primarily online “with exemptions for essential onsite activities”. So that level can be considered closed.    https://archive.vn/Rm9zz    https://web.archive.org/web/20201019212037/https://www.gov.ie/en/publication/2dc71-level-5/    https://web.archive.org/web/20201109164920/https://whatsnew.citizensinformation.ie/2020/10/19/ireland-is-moving-to-level-5-from-midnight-on-wednesday-21-october/"
11308,Ireland,IRL,20201021,20201203.0,C2: Workplace closing,3,1.0,"Most workplaces closed as Ireland moves to Level 5 restrictions on 21 October for 6 weeks.    Professional, elite sports and inter-county Gaelic games, horse-racing and greyhound racing are permitted to continue behind closed doors. Only essential workers can travel to work and only essential retail and essential services can remain open. Construction and manufacturing can stay in operation.     Coded as a 3 as most non-essential businesses are closed.        https://web.archive.org/web/20201019212037/https://www.gov.ie/en/publication/2dc71-level-5/"
11309,Ireland,IRL,20201021,20201223.0,C4: Restrictions on gatherings,4,1.0,"Ireland moves to Level 5 restrictions on 21 October for 6 weeks    At Level 5, the public health risk means that you will be asked to stay at home, with certain exemptions. There will be no gatherings other than small numbers at funerals and weddings.    https://web.archive.org/web/20201019212037/https://www.gov.ie/en/publication/2dc71-level-5/#social-and-family-gatherings"
11310,Ireland,IRL,20201021,20210703.0,C5: Close public transport,1,1.0,Ireland moves to Level 5 restrictions on 21 October for 6 weeks      Public transport will operate at 25% capacity for the purposes of allowing those providing essential services to get to work.    https://web.archive.org/web/20201019212037/https://www.gov.ie/en/publication/2dc71-level-5/#social-and-family-gatherings
11311,Ireland,IRL,20201021,20201223.0,C6: Stay at home requirements,2,1.0,"Ireland moves to Level 5 restrictions on 21 October for 6 weeks      At Level 5, the public health risk means that you will be asked to stay at home, with certain exemptions. There will be no gatherings other than small numbers at funerals and weddings.    https://web.archive.org/web/20201019212037/https://www.gov.ie/en/publication/2dc71-level-5/#social-and-family-gatherings"
11312,Ireland,IRL,20201021,20201203.0,C7: Restrictions on internal movement,2,1.0,"Domestic travel restrictions  Stay at home.    Exercise within 5 kilometres of home.    There will be a penalty for movement outside 5 kilometres of home, with the following exemptions:    travel to and from work, where work involves providing an essential service  to attend medical appointments and collect medicines and other health products  for vital family reasons, such as providing care to children, elderly or vulnerable people, and in particular for those who live alone but excluding social family visits  for farming purposes, that is food production or care of animals  to visit a grave    https://web.archive.org/web/20201019212037/https://www.gov.ie/en/publication/2dc71-level-5/#social-and-family-gatherings"
11313,Ireland,IRL,20201124,20201230.0,E2: Debt/contract relief,1,,"Changed to reflect the fact that broad relief does not appear to be in place. The only measure currently in place is mortgage breaks.  https://web.archive.org/web/20201206025026/https://personalbanking.bankofireland.com/borrow/mortgages/mortgage-repayment-covid-19/#:~:text=Coming%2520to%2520the%2520end%2520of%2520an%2520extended%2520(6%2520month)%2520payment%2520break,-At%2520the%2520end&text=mean%2520for%2520you%253A-,Return%2520to%2520repaying%2520your%2520mortgage%253A%2520You%2520don%2527t%2520need%2520any,t%2520have%2520to%2520do%2520anything."
11314,Ireland,IRL,20201204,20201226.0,C2: Workplace closing,2,1.0,"From Friday 4th December, restaurants and pubs that serve substantial meals may reopen for indoor dining. There will be a limit of six people per table, but no limit to the number of households that they may come from.  Wet pubs may only provide delivery and takeaway services while, nightclubs and casinos will remain closed.      https://web.archive.org/web/20210104201105/https://www.rte.ie/news/coronavirus/2020/1127/1180966-virus-restrictions-christmas/"
11315,Ireland,IRL,20201204,20201226.0,C7: Restrictions on internal movement,1,1.0,"Recommended to stay in your county apart from work, education, medical and other essential purposes, if appropriate.    https://web.archive.org/web/20201214192520/https://www.gov.ie/en/publication/ad569-level-3/"
11316,Ireland,IRL,20201208,20210207.0,V1: Vaccine Prioritisation,1507,,"8 Dec 2020      Priority list published by Irish government on 8 December 2020. Where the categories on this list don't fit the V1 categories perfectly, I have coded a 'best fit' if possible, or excluded category. Excluded '4.Other healthcare workers not in direct patient contact' and 'residents of long term care aged 18-64', and 'other workers in occupations important to the functioning of society' because this was not specified. Coded 'key workers' as 'frontline workers', and 'people aged 18-54' including the 16+ category.    1. Your quick guide to the provisional vaccine allocation groups  2. Provisional vaccine allocation groups  3. Download this information  The COVID-19 Vaccine Allocation Strategy sets out a provisional priority list of groups for vaccination once a safe and effective vaccine(s) has received authorisation from the European Medicines Agency (EMA).    The Strategy was developed by the National Immunisation Advisory Committee (NIAC) and Department of Health, endorsed by the National Public Health Emergency Team (NPHET), and approved by Government on 8 December 2020.    The Strategy is a further component to the State’s response to the COVID-19 pandemic, and will evolve and adapt with more detailed information on the vaccines and their effectiveness.    Your quick guide to the provisional vaccine allocation groups  This is the provisional order in which people in Ireland will be vaccinated against COVID-19.    1	People aged 65 years and older who are residents of long-term care facilities (likely to include all staff and residents on site)  2	Frontline healthcare workers  3	People aged 70 and older  4	Other healthcare workers not in direct patient contact  5	People aged 65-69  6	Key workers  7	People aged 18-64 with certain medical conditions  8	Residents of long-term care facilities aged 18-64  9	People aged 18-64 living or working in crowded settings  10	Key workers in essential jobs who cannot avoid a high risk of exposure  11	People working in education sector  12	People aged 55-64  13	Other workers in occupations important to the functioning of society  14	Other people aged 18-54  15	People aged under 18 and pregnant women      https://web.archive.org/web/20201208122426/https://www.gov.ie/en/publication/39038-provisional-vaccine-allocation-groups/"
11317,Ireland,IRL,20201222,20210108.0,C8: International travel controls,3,,"On 22 December the Irish Government extended its ban on flights and passenger ferry journeys from Great Britain until at least 31 December. This applies to people in Great Britain regardless of nationality. Ferry crossings from Great Britain to Ireland will continue for freight, including accompanied freight, but not passengers, although ferry journeys from Ireland to Great Britain are open to both freight and passengers.    https://web.archive.org/web/20201228200145/https://www.gov.uk/foreign-travel-advice/ireland/entry-requirements"
11318,Ireland,IRL,20201224,20201226.0,C4: Restrictions on gatherings,3,1.0,Temporary relaxation on the number of households able to gather to last the duration of the Christmas period (24 to 26 December inclusive). Visits from up to two households permitted.     http://web.archive.org/web/20201222133641/https://www.gov.ie/en/press-release/a1f21-ireland-placed-on-level-5-restrictions-of-the-plan-for-living-with-covid-19-with-a-number-of-specific-adjustments/
11319,Ireland,IRL,20201224,20201231.0,C6: Stay at home requirements,1,1.0,Temporary relaxation on lockdown measures to last the duration of the Christmas period (24 to 26 December inclusive).    http://web.archive.org/web/20201222133641/https://www.gov.ie/en/press-release/a1f21-ireland-placed-on-level-5-restrictions-of-the-plan-for-living-with-covid-19-with-a-number-of-specific-adjustments/
11320,Ireland,IRL,20201227,20210509.0,C2: Workplace closing,3,1.0,On 22 December the Taoiseach announced the introduction of level 5 restrictions (full lockdown) though with temporary relaxations for the Christmas period (24 to 26 December inclusive).     Retail stores were thus allowed to remain open.     http://web.archive.org/web/20201222133641/https://www.gov.ie/en/press-release/a1f21-ireland-placed-on-level-5-restrictions-of-the-plan-for-living-with-covid-19-with-a-number-of-specific-adjustments/
11321,Ireland,IRL,20201227,20210509.0,C4: Restrictions on gatherings,4,1.0,"Until the 31st, visits from one other household will be permitted.      http://web.archive.org/web/20201222133641/https://www.gov.ie/en/press-release/a1f21-ireland-placed-on-level-5-restrictions-of-the-plan-for-living-with-covid-19-with-a-number-of-specific-adjustments/"
11322,Ireland,IRL,20201227,20210509.0,C7: Restrictions on internal movement,2,1.0,Stay-at-home order in effect- travel between counties restricted.    http://web.archive.org/web/20210112174352/https://www.gov.uk/foreign-travel-advice/ireland/coronavirus
11323,Ireland,IRL,20201230,20210228.0,C1: School closing,3,1.0,"The government announced that from midnight on 24 December until 12 January, Level 5 restrictions (the equivalent of full lockdown) will apply nationally, due to NPHET concerns at the rapid increase in COVID-19 case numbers.    Under normal level 5 restrictions, schools remain open, but the decision was made on 30th December to delay reopening schools for the new term. On the 6th January, it was decided to close all schools, including for students with special needs, for at least three weeks.    http://web.archive.org/web/20201230203846/https://www.irishtimes.com/news/education/schools-welcome-decision-to-close-until-january-11th-1.4447636  http://web.archive.org/web/20210107211029/https://www.gov.ie/en/press-release/11176-minister-foley-confirms-that-schools-will-remain-closed-to-students/    "
11324,Ireland,IRL,20201231,,E2: Debt/contract relief,2,,"Recoded as previous coding drew from measures aimed at businesses.     Ban on evictions in place while Ireland is at level 5, to assist with rent arrears, and ""rental laws to protect tenants economically affected by COVID-19, who have fallen into rent arrears and are at risk of losing their tenancy. These protections include a rent freeze and a 90-day notice period when ending a tenancy"":  http://web.archive.org/web/20210130185538/https://www.citizensinformation.ie/en/housing/renting_a_home/tenancies_and_covid19.html  "
11325,Ireland,IRL,20210101,20210509.0,C6: Stay at home requirements,2,1.0,"Ireland is under a stay-at-home order with exceptions for travel for work, education or other essential purposes, or to take exercise within 5km of home.     http://web.archive.org/web/20210112174352/https://www.gov.uk/foreign-travel-advice/ireland/coronavirus"
11326,Ireland,IRL,20210101,20210128.0,H3: Contact tracing,1,,"  We are at full capacity for COVID-19 tests and need to prioritise people who have symptoms. Close contacts will not be tested during this time. If you are a close contact you need to restrict your movements (stay at home), even if you feel well. If you develop symptoms of COVID-19, self-isolate (stay in your room) and phone your GP for further advice.        https://web.archive.org/web/20210117154245/https://www2.hse.ie/conditions/coronavirus/testing/contact-tracing.html"
11327,Ireland,IRL,20210101,20220121.0,H6: Facial Coverings,3,1.0,"** 29th January 2021 EDIT **    Upon review, the list of settings in which face coverings are mandated is tantamount to a requirement to wear masks in all public spaces. As Ireland is under lockdown, people are not allowed to enter parks or other open spaces.    http://web.archive.org/web/20201001173827/https://www.gov.ie/en/publication/aac74c-guidance-on-safe-use-of-face-coverings/"
11328,Ireland,IRL,20210104,20210110.0,H7: Vaccination policy,1,1.0,"A, C:      4 January 2021 at 3.55pm    The first groups to get the COVID-19 vaccine are:    people aged 65 years and older who live in long-term care facilities  frontline healthcare workers    The vaccine will be offered to more priority groups as soon as possible.        https://web.archive.org/web/20210117153907/https://www2.hse.ie/screening-and-vaccinations/covid-19-vaccine/rollout-covid-19-vaccines-ireland.html"
11329,Ireland,IRL,20210104,20210214.0,V2: Vaccine Availability,1489,,  Rollout of COVID-19 vaccines in Ireland  Last updated: 4 January 2021 at 3.55pm    The first groups to get the COVID-19 vaccine are:    - people aged 65 years and older who live in long-term care facilities  - frontline healthcare workers    The vaccine will be offered to more priority groups as soon as possible.    https://web.archive.org/web/20210117153907/https://www2.hse.ie/screening-and-vaccinations/covid-19-vaccine/rollout-covid-19-vaccines-ireland.html  
11330,Ireland,IRL,20210104,20210214.0,V3: Vaccine Financial Support,1489,,The COVID-19 vaccination is free of charge. You cannot get it privately.    https://web.archive.org/web/20210506113651/https://www.citizensinformation.ie/en/health/health_services/vaccinations/vaccines_for_covid19.html
11331,Ireland,IRL,20210109,20210125.0,C8: International travel controls,2,,"From 9 January 2021, all passengers arriving at Irish airports and ports whose journey originates in Great Britain or South Africa will be requested to have evidence of a negative result from a pre-departure PCR COVID-19 test (COVID-19 not detected) taken up to 72 hours prior to arrival in Ireland.    http://web.archive.org/web/20210112174352/https://www.gov.uk/foreign-travel-advice/ireland/coronavirus"
11332,Ireland,IRL,20210111,20210312.0,H7: Vaccination policy,2,1.0,"A; C    According to government tracker, as of the week beginning Jan 11 vaccines delivered to both groups: ""48,400 vaccines were given this week. 23,100 of those vaccinated were frontline healthcare workers. 25,300 were staff and residents of long-term care facilities.""     ***recoded from 1G to 2G to reflect active vaccination of both groups     http://web.archive.org/web/20210130191043/https://www2.hse.ie/screening-and-vaccinations/covid-19-vaccine/rollout-covid-19-vaccines-ireland.html"
11333,Ireland,IRL,20210126,20220122.0,C8: International travel controls,3,,"""On 26 January the Government announced the introduction of additional, short-term restrictions. These will include mandatory quarantine measures applying to all international arrivals and the suspension of visa-free travel to Ireland (with limited exemptions) for nationals of South Africa and all countries in South America.""     http://web.archive.org/web/20210128095739/https://www.dfa.ie/travel/travel-advice/coronavirus/general-covid-19-travel-advisory/"
11334,Ireland,IRL,20210129,,H3: Contact tracing,2,,"The Health Service Executive will recommence close contact testing from Friday and those involved will receive a call if they are regarded as close contacts of someone diagnosed with Covid-19, HSE chief executive Paul Reid has said.  Close contact testing was suspended in December because the sheer number of cases had begun to make it impossible to trace everybody involved.  https://archive.vn/GZZxj#selection-2071.1-2075.142"
11335,Ireland,IRL,20210208,20210330.0,V1: Vaccine Prioritisation,1508,,
11336,Ireland,IRL,20210215,20210308.0,V2: Vaccine Availability,1490,,"15 Feb    Over 85s start receiving vaccines in Ireland on 15 February 2021. This is a new category from the original priority list in V1 which states 'over 70s' as one category, and doesn't split this further.    Government Source: https://web.archive.org/web/20210219150322/https://www2.hse.ie/screening-and-vaccinations/covid-19-vaccine/rollout-covid-19-vaccines-ireland.html    News Source: https://web.archive.org/web/20210421124010/https://www.irishtimes.com/news/health/covid-19-vaccination-of-over-85s-gets-under-way-across-the-state-1.4484765"
11337,Ireland,IRL,20210215,20210308.0,V3: Vaccine Financial Support,1490,,The COVID-19 vaccination is free of charge. You cannot get it privately.    https://web.archive.org/web/20210506113651/https://www.citizensinformation.ie/en/health/health_services/vaccinations/vaccines_for_covid19.html
11338,Ireland,IRL,20210301,20210411.0,C1: School closing,2,1.0,"""Half of primary school students – junior infants, senior infants, first class and second class – and sixth years returned to school today for the first time since before Christmas. Schools for children with special needs also reopened at full capacity.""     https://www.thejournal.ie/schools-reopen-students-return-5368172-Mar2021/ [link not archiving] "
11339,Ireland,IRL,20210309,20210319.0,V2: Vaccine Availability,1491,,9 March    People over 70 are added to the list of people eligible to get a vaccine March 9 2021    Groups currently being vaccinated  The groups currently being vaccinated against COVID-19 are:    those aged 65 years and older who live in long-term care facilities (group 1)  frontline healthcare workers (group 2)  people aged 70 and older living in the community - at different stages (group 3)    https://web.archive.org/web/20210309091517/https://www2.hse.ie/screening-and-vaccinations/covid-19-vaccine/rollout-covid-19-vaccines-ireland.html  
11340,Ireland,IRL,20210309,20210319.0,V3: Vaccine Financial Support,1491,,The COVID-19 vaccination is free of charge. You cannot get it privately.    https://web.archive.org/web/20210506113651/https://www.citizensinformation.ie/en/health/health_services/vaccinations/vaccines_for_covid19.html
11341,Ireland,IRL,20210313,20210619.0,H7: Vaccination policy,3,1.0,"A, B, C    Groups currently being vaccinated  The groups currently being vaccinated against COVID-19 are:    - those aged 65 years and older who live in long-term care facilities (group 1)  - frontline healthcare workers (group 2)  - people aged 70 and older living in the community - at different stages (group 3)  - people aged 16 to 69 who are at very high risk (group 4)    https://web.archive.org/web/20210323065751/https://www2.hse.ie/screening-and-vaccinations/covid-19-vaccine/rollout-covid-19-vaccines-ireland.html"
11342,Ireland,IRL,20210320,20210331.0,V2: Vaccine Availability,1492,,20 March    New category added on 20 March 2021: 'people aged 16 to 69 who are at very high risk (group 4)'  (Coded as ‘clinically vulnerable’ category)    Groups currently being vaccinated  The groups currently being vaccinated against COVID-19 are:    those aged 65 years and older who live in long-term care facilities (group 1)  frontline healthcare workers (group 2)  people aged 70 and older living in the community - at different stages (group 3)  people aged 16 to 69 who are at very high risk (group 4)    https://web.archive.org/web/20210320224132/https://www2.hse.ie/screening-and-vaccinations/covid-19-vaccine/rollout-covid-19-vaccines-ireland.html  
11343,Ireland,IRL,20210320,20210331.0,V3: Vaccine Financial Support,1492,,The COVID-19 vaccination is free of charge. You cannot get it privately.    https://web.archive.org/web/20210506113651/https://www.citizensinformation.ie/en/health/health_services/vaccinations/vaccines_for_covid19.html
11344,Ireland,IRL,20210331,20210429.0,V1: Vaccine Prioritisation,1509,,"31 March 2021    Government of Ireland page updated on 31 March 2021:    This is the provisional order in which people in Ireland will be vaccinated against COVID-19.    1	People aged 65 years and older who are residents of long-term care facilities (likely to include all staff and residents on site)  2	Frontline healthcare workers  3	People aged 70 and older  4	People aged 16-69 with a medical condition that puts them at very high risk of severe disease and death  5	People aged 65-69 whose underlying condition puts them at a high risk of severe disease and death  6	Other people aged 65-69 and key workers essential to the vaccine programme  7	People aged 16-64 who have an underlying condition that puts them at high risk of severe disease and death  8	Residents of long-term care facilities aged 16-64  9	People aged 64 years and younger, and people aged 16-64 living or working in crowded settings (in parallel)    https://web.archive.org/web/20210408060530/https://www.gov.ie/en/publication/39038-provisional-vaccine-allocation-groups/      Interpreted 'very high risk' as extremely clinically vulnerable.  Interpreted 'Other people aged 65-69 and key workers essential to the vaccine programme' as Frontline workers  Did not record 'Residents of long-term care facilities aged 16-64'  "
11345,Ireland,IRL,20210401,20210414.0,V2: Vaccine Availability,1493,,
11346,Ireland,IRL,20210401,20210414.0,V3: Vaccine Financial Support,1493,,
11347,Ireland,IRL,20210412,20220227.0,C1: School closing,1,1.0,"From April 12, Irish schools reopen fully with all students back in the classroom.     https://web.archive.org/web/20210411210051/https://www.irishmirror.ie/news/irish-news/irelands-covid-lockdown-restrictions-four-23894466"
11348,Ireland,IRL,20210415,20210503.0,V2: Vaccine Availability,9877,,"People aged between 65 and 69 years can register for a vaccine appointment, starting from Thursday, 15 April    https://web.archive.org/web/20210415130315/https://www.citizensinformation.ie/en/health/health_services/vaccinations/vaccines_for_covid19.html#l170cf"
11349,Ireland,IRL,20210415,20210503.0,V3: Vaccine Financial Support,9877,,
11350,Ireland,IRL,20210430,20210607.0,V1: Vaccine Prioritisation,1512,,"30 April    Vaccine groups updated 30 April 2021 and still current as of 8 June 2021    1. Adults aged =65 years who are residents of long-term care facilities  2. Frontline healthcare workers  3. People aged 70 and older  4. People aged 16-69 with a medical condition that puts them at very high risk of severe disease and death  5. People aged 65-69 whose underlying condition puts them at a high risk of severe disease and death  6. Other people aged 65-69 and key workers essential to the vaccine programme  7. People aged 16-64 who have an underlying condition that puts them at high risk of severe disease and death  8. Residents of long-term care facilities aged 16-64  9. People aged 16-64 living or working in crowded settings, and in parallel, People aged 64 years and younger  https://web.archive.org/web/20210608081149/https://www.gov.ie/en/publication/39038-provisional-vaccine-allocation-groups/  "
11351,Ireland,IRL,20210504,20210508.0,V2: Vaccine Availability,9873,,Ages 55-59 invited to register for vaccinations    https://web.archive.org/web/20210504215112/https://www.citizensinformation.ie/en/health/health_services/vaccinations/vaccines_for_covid19.html#l170cf
11352,Ireland,IRL,20210504,20210508.0,V3: Vaccine Financial Support,9873,,
11353,Ireland,IRL,20210509,20210605.0,V2: Vaccine Availability,9874,,People aged 50 to 54 will be invited to register from Sunday 9 May.    https://web.archive.org/web/20210504215112/https://www.citizensinformation.ie/en/health/health_services/vaccinations/vaccines_for_covid19.html#l170cf
11354,Ireland,IRL,20210509,20210605.0,V3: Vaccine Financial Support,9874,,
11355,Ireland,IRL,20210510,20210919.0,C2: Workplace closing,2,1.0,"***Recoded to reflect easing from May 10    Previous coding note:   From 10 May 2021:    - Hairdressers, barbers and other personal services can reopen by appointment.  - Non-essential shops can offer click and collect services by appointment. Outdoor retail, like gardening centres, can reopen.  - Outdoor training can start for adults in pods of up to 15.      https://web.archive.org/web/20210507232622/https://www.citizensinformation.ie/en/covid19/living_with_covid19_plan.html"
11356,Ireland,IRL,20210510,20211021.0,C4: Restrictions on gatherings,3,1.0,"***Recoded to begin on May 10, From 10 May 2021:  - People from 3 households can meet outdoors (including in a garden), or 6 people from any number of households. - Fully-vaccinated people can meet with one other household (that includes non-vaccinated people) indoors. - Outdoor training can start for adults in pods of up to 15. - Outdoor organised events can take place with up to 15 people in attendance. - Weddings can have 50 people at the service. Up to 15 can go to outdoor wedding celebrations and up to 6 can attend indoors. - Funeral services can have up to 50 mourners.  https://web.archive.org/web/20210507232622/https://www.citizensinformation.ie/en/covid19/living_with_covid19_plan.html"
11357,Ireland,IRL,20210510,,C6: Stay at home requirements,0,,"From May 10, travel outside your county is permitted. No curfew in place, nor does there appear to be a mandatory work from home. However, work from home is still recommended for those who can do so.     http://web.archive.org/web/20210627210204/https://www.citizensinformation.ie/en/employment/employment_rights_and_conditions/health_and_safety/working_at_home.html    http://web.archive.org/web/20210627210153/https://www.breakingnews.ie/ireland/summer-timeline-irelands-covid-reopening-plan-and-key-dates-1119474.html"
11358,Ireland,IRL,20210510,,C7: Restrictions on internal movement,0,,"From May 10, travel outside your county is permitted. No other domestic restrictions appear to be in place.     http://web.archive.org/web/20210627210204/https://www.citizensinformation.ie/en/employment/employment_rights_and_conditions/health_and_safety/working_at_home.html    http://web.archive.org/web/20210627210153/https://www.breakingnews.ie/ireland/summer-timeline-irelands-covid-reopening-plan-and-key-dates-1119474.html"
11359,Ireland,IRL,20210606,20210623.0,V2: Vaccine Availability,9879,,Those over 40 can receive a vaccine on or after 6 June     https://web.archive.org/web/20210605035224/https://www.citizensinformation.ie/en/health/health_services/vaccinations/vaccines_for_covid19.html#l068fa
11360,Ireland,IRL,20210606,20210623.0,V3: Vaccine Financial Support,9879,,
11361,Ireland,IRL,20210607,20211027.0,C3: Cancel public events,1,1.0,"7th June 2021,     Weddings	        25 people can attend a wedding celebration or reception  Sport	                Outdoor sports matches can take place  Organised   outdoor events	Maximum of 100 attendees for the majority of venues. Maximum of 200 for outdoor venues with a minimum accredited capacity of 5,000  Live events	        Pilot events to take place    https://web.archive.org/web/20210620095345/https://www.gov.ie/en/press-release/7894b-post-cabinet-statement-resilience-and-recovery-the-path-ahead/"
11362,Ireland,IRL,20210608,20210718.0,V1: Vaccine Prioritisation,8173,,
11363,Ireland,IRL,20210620,20210720.0,H7: Vaccination policy,4,1.0,"As of June 20, broad availability - ""People aged 40 to 69 who have registered for their vaccine are also being vaccinated.""     http://web.archive.org/web/20210620093311/https://www2.hse.ie/screening-and-vaccinations/covid-19-vaccine/rollout/"
11364,Ireland,IRL,20210624,20210718.0,V2: Vaccine Availability,9881,,Over 35s eligible from 24 June    https://web.archive.org/web/20210623140600/https://www.citizensinformation.ie/en/health/health_services/vaccinations/vaccines_for_covid19.html#l068fa
11365,Ireland,IRL,20210624,20210718.0,V3: Vaccine Financial Support,9881,,
11366,Ireland,IRL,20210704,,C5: Close public transport,0,,Public transport is open but with social distancing and mask wearing requirements.https://web.archive.org/web/20210717134758/https://www.citizensinformation.ie/en/health/covid19/public_health_measures_for_covid19.html#l46154   https://archive.vn/nExL6  https://archive.vn/BvRZt
11367,Ireland,IRL,20210719,,V1: Vaccine Prioritisation,-3,,"From Monday, 19 July, people aged between 18 and 24 can register for a vaccine appointment in a HSE vaccination centre online or by phone.    https://web.archive.org/web/20210716150824/https://www.citizensinformation.ie/en/health/health_services/vaccinations/vaccines_for_covid19.html#l068fa"
11368,Ireland,IRL,20210719,20210720.0,V2: Vaccine Availability,9882,,"From Monday, 19 July, people aged between 18 and 24 can register for a vaccine appointment in a HSE vaccination centre online or by phone.    https://web.archive.org/web/20210716150824/https://www.citizensinformation.ie/en/health/health_services/vaccinations/vaccines_for_covid19.html#l068fa"
11369,Ireland,IRL,20210719,20210720.0,V3: Vaccine Financial Support,9882,,
11370,Ireland,IRL,20210721,,H7: Vaccination policy,5,1.0,"As of 21/07/2021, vaccines are available for all eligible for the vaccination.    https://web.archive.org/web/20210728203205/https://www.hse.ie/eng/services/news/media/pressrel/all-adults-living-in-ireland-able-to-register-covid-19-vaccine.html"
11371,Ireland,IRL,20210721,20210908.0,V2: Vaccine Availability,9862,,"Wed, Jul 21, 2021    Over-18s can now register for Covid-19 mRna vaccine  Registration for Pfizer and Moderna jabs open for all adults in Ireland from this morning    https://web.archive.org/web/20211111162755/https://www.irishtimes.com/news/health/over-18s-can-now-register-for-covid-19-mrna-vaccine-1.4626524"
11372,Ireland,IRL,20210721,20210908.0,V3: Vaccine Financial Support,9862,,"COVID-19 vaccine free of charge in Ireland, you cannot get it privately    https://web.archive.org/web/20211112094325/https://www.citizensinformation.ie/en/health/health_services/vaccinations/vaccines_for_covid19.html"
11373,Ireland,IRL,20210909,20211111.0,V2: Vaccine Availability,9865,,9 September    12-15 year olds can now get the vaccine in Ireland    https://web.archive.org/web/20211104175648/https://www2.hse.ie/screening-and-vaccinations/covid-19-vaccine/get-the-vaccine/deciding-on-vaccination-for-12-to-15-year-olds/    https://web.archive.org/web/20211024043607/https://www.bbc.co.uk/news/world-europe-58522792
11374,Ireland,IRL,20210909,20211111.0,V3: Vaccine Financial Support,9865,,
11375,Ireland,IRL,20210920,20211027.0,C2: Workplace closing,1,1.0,"From 20 September:    ""businesses can ... begin a phased and staggered return to workplaces for specific business requirements.     The interpretation of this guidance will depend on the specific circumstances of each workplace, and should be informed by consultations with workers.     This means that the return to workplaces must take place in a cautious and careful manner, taking into account,  - appropriate attendance levels, cognisant of public health guidanceas reflected in the Work Safely Protocoland associated checklist(s)  - the use of staggered arrangements, such as non-fulltime attendance and flexible working hours, and  - that attendance initially is for specific business requirements.""    From 22 October, ""The requirement to work from home will be removed, allowing a return to physical attendance in workplaces on a phased and cautious basis appropriate to each sector.  The statutory regime in place to support the protection of public health will also be wound down in line with agreed removal of restrictions.""    https://web.archive.org/web/20210924172930/https://www.gov.ie/pdf/?file=https%3A%2F%2Fassets.gov.ie%2F197541%2F6e5827d5-4fcf-49a6-812d-54c93c847747.pdf"
11376,Ireland,IRL,20211022,20211027.0,C4: Restrictions on gatherings,2,1.0,"From 22 October 2021, further restrictions will be lifted, including limits on numbers attending:    - Weddings  - Organised indoor and outdoor group events  - Religious or civil ceremonies  - Nightclubs and other hospitality can fully reopen with some restrictions in place.    https://web.archive.org/web/20211024162025/https://www.citizensinformation.ie/en/health/covid19/public_health_measures_for_covid19.html"
11377,Ireland,IRL,20211028,20220113.0,C2: Workplace closing,2,1.0,"28 October 2021, guidelines issued for the reopening of venues operating for the purposes of live entertainment and nightclubs in a safe and controlled manner.    Guidelines are offered to assist with mitigation whilst COVID-19 is still circulating in our communities. Central to these guidelines is a commitment to adhering to best practice in infection prevention control measures which are necessary to protect individuals and society, as well as supporting our continued progress towards a full return to operation of our sector as the epidemiological situation allows.    The measures outlined in this document are intended to assist organisers by:  ? Limiting the possibility of a COVID-19 outbreak due to event operations and venue  management through Infection Prevention and Control measures;  ? Ensuring business continuity through resource planning and avoiding loss of key personnel  due to illness or being identified as close contacts while at work; and  ? Safeguarding against reputational damage through implementation of these measures.    These guidelines apply to venues operating for the purposes of live entertainment or nightclubs which  meet the following essential conditions:  Nightclubs/Premises covered by these guidelines must meet the following conditions:  - Must be the holder of a current and valid on licence or theatre licence.  - Must have been granted by the Court a special exemption order or occasional licence for  each occasion they intend to operate beyond normal licensing hours.  - Must comply with the conditions of the special exemption order, occasional licence, dance  licence and/or music and singing licences attaching to the premises.  - Must, on 22 October, have a designated performance area, stage or booth for performers  and will typically also have a specialist sound and lighting system.  - Must, on 22 October, have a designated dance floor or standing or seating area which are  specifically utilised only for the purposes of viewing a performance.  - Must generally cease operation at the end of the performance, having regard to normal  licensing arrangements.  - Events must be ticketed (electronic) to facilitate contact tracing. This will come into effect  on 29 October 2021.  - For live performances, up to 1,500 patrons may stand with the remaining members of the  audience sitting. Therefore, 100% seated capacity is permitted. For events with a  combination of seated and standing, capacity is subject to a maximum standing capacity of  1,500 and any additional capacity beyond 1,500 must be fully seated.    - For nightclubs no capacity limit applies1  .  - Bar and counter service may operate in nightclubs and live entertainment venues subject to  strict adherence to the following conditions:  o Patrons may only approach the bar to order, pay for or collect food/drinks;  o 1m social distancing in the queue and at the bar;  o Employee supervising the queue.     https://drive.google.com/file/d/1fpy4kE19Le2N_rGIxbmaMMfhmVkDBROJ/view?usp=sharing"
11378,Ireland,IRL,20211028,20220113.0,C3: Cancel public events,2,1.0,"28 October 2021, guidelines issued for the reopening of venues operating for the purposes of live entertainment and nightclubs in a safe and controlled manner.    Guidelines are offered to assist with mitigation whilst COVID-19 is still circulating in our communities. Central to these guidelines is a commitment to adhering to best practice in infection prevention control measures which are necessary to protect individuals and society, as well as supporting our continued progress towards a full return to operation of our sector as the epidemiological situation allows.    The measures outlined in this document are intended to assist organisers by:  ? Limiting the possibility of a COVID-19 outbreak due to event operations and venue  management through Infection Prevention and Control measures;  ? Ensuring business continuity through resource planning and avoiding loss of key personnel  due to illness or being identified as close contacts while at work; and  ? Safeguarding against reputational damage through implementation of these measures.    These guidelines apply to venues operating for the purposes of live entertainment or nightclubs which  meet the following essential conditions:  Nightclubs/Premises covered by these guidelines must meet the following conditions:  - Must be the holder of a current and valid on licence or theatre licence.  - Must have been granted by the Court a special exemption order or occasional licence for  each occasion they intend to operate beyond normal licensing hours.  - Must comply with the conditions of the special exemption order, occasional licence, dance  licence and/or music and singing licences attaching to the premises.  - Must, on 22 October, have a designated performance area, stage or booth for performers  and will typically also have a specialist sound and lighting system.  - Must, on 22 October, have a designated dance floor or standing or seating area which are  specifically utilised only for the purposes of viewing a performance.  - Must generally cease operation at the end of the performance, having regard to normal  licensing arrangements.  - Events must be ticketed (electronic) to facilitate contact tracing. This will come into effect  on 29 October 2021.  - For live performances, up to 1,500 patrons may stand with the remaining members of the  audience sitting. Therefore, 100% seated capacity is permitted. For events with a  combination of seated and standing, capacity is subject to a maximum standing capacity of  1,500 and any additional capacity beyond 1,500 must be fully seated.    - For nightclubs no capacity limit applies1  .  - Bar and counter service may operate in nightclubs and live entertainment venues subject to  strict adherence to the following conditions:  o Patrons may only approach the bar to order, pay for or collect food/drinks;  o 1m social distancing in the queue and at the bar;  o Employee supervising the queue.     https://drive.google.com/file/d/1fpy4kE19Le2N_rGIxbmaMMfhmVkDBROJ/view?usp=sharing"
11379,Ireland,IRL,20211028,20211206.0,C4: Restrictions on gatherings,1,1.0,"28 October 2021, guidelines issued for the reopening of venues operating for the purposes of live entertainment and nightclubs in a safe and controlled manner.    Guidelines are offered to assist with mitigation whilst COVID-19 is still circulating in our communities. Central to these guidelines is a commitment to adhering to best practice in infection prevention control measures which are necessary to protect individuals and society, as well as supporting our continued progress towards a full return to operation of our sector as the epidemiological situation allows.    The measures outlined in this document are intended to assist organisers by:  ? Limiting the possibility of a COVID-19 outbreak due to event operations and venue  management through Infection Prevention and Control measures;  ? Ensuring business continuity through resource planning and avoiding loss of key personnel  due to illness or being identified as close contacts while at work; and  ? Safeguarding against reputational damage through implementation of these measures.    These guidelines apply to venues operating for the purposes of live entertainment or nightclubs which  meet the following essential conditions:  Nightclubs/Premises covered by these guidelines must meet the following conditions:  - Must be the holder of a current and valid on licence or theatre licence.  - Must have been granted by the Court a special exemption order or occasional licence for  each occasion they intend to operate beyond normal licensing hours.  - Must comply with the conditions of the special exemption order, occasional licence, dance  licence and/or music and singing licences attaching to the premises.  - Must, on 22 October, have a designated performance area, stage or booth for performers  and will typically also have a specialist sound and lighting system.  - Must, on 22 October, have a designated dance floor or standing or seating area which are  specifically utilised only for the purposes of viewing a performance.  - Must generally cease operation at the end of the performance, having regard to normal  licensing arrangements.  - Events must be ticketed (electronic) to facilitate contact tracing. This will come into effect  on 29 October 2021.  - For live performances, up to 1,500 patrons may stand with the remaining members of the  audience sitting. Therefore, 100% seated capacity is permitted. For events with a  combination of seated and standing, capacity is subject to a maximum standing capacity of  1,500 and any additional capacity beyond 1,500 must be fully seated.    - For nightclubs no capacity limit applies1  .  - Bar and counter service may operate in nightclubs and live entertainment venues subject to  strict adherence to the following conditions:  o Patrons may only approach the bar to order, pay for or collect food/drinks;  o 1m social distancing in the queue and at the bar;  o Employee supervising the queue.     https://drive.google.com/file/d/1fpy4kE19Le2N_rGIxbmaMMfhmVkDBROJ/view?usp=sharing"
11380,Ireland,IRL,20211112,20220107.0,V2: Vaccine Availability,20714,,"Wed, Jul 21, 2021    Over-18s can now register for Covid-19 mRna vaccine  Registration for Pfizer and Moderna jabs open for all adults in Ireland from this morning    https://web.archive.org/web/20211111162755/https://www.irishtimes.com/news/health/over-18s-can-now-register-for-covid-19-mrna-vaccine-1.4626524"
11381,Ireland,IRL,20211112,20220107.0,V3: Vaccine Financial Support,20714,,Free
11382,Ireland,IRL,20211112,20220107.0,V4: Mandatory Vaccination,20714,,
11383,Ireland,IRL,20211207,20211219.0,C4: Restrictions on gatherings,3,1.0,"From 7th Dec, 2021    Pubs and restaurants  - A maximum of 6 adults are allowed per table, or 15 people when including children aged 12 and under  -Multiple table bookings are not allowed  -Table service only  -One metre distance must be kept between tables  -You must wear a face covering when not at your table  -Residents of hotels need proof of immunity to access bars and restaurants      https://www.citizensinformation.ie/en/covid19/living_with_covid19_plan.html"
11384,Ireland,IRL,20211220,20220121.0,C4: Restrictions on gatherings,4,1.0,"Gatherings are limited to ""pods of six"".  https://web.archive.org/web/20211226221145/https://www.citizensinformation.ie/en/covid19/living_with_covid19_plan.html"
11385,Ireland,IRL,20220108,,V2: Vaccine Availability,23933,,"From 8 Jan 2022, children aged 5-11yrs in Ireland are now eligible to receive the COVID vaccine.     https://archive.ph/d38ew"
11386,Ireland,IRL,20220108,,V3: Vaccine Financial Support,23933,,vaccines are free in Ireland.   
11387,Ireland,IRL,20220108,,V4: Mandatory Vaccination,23933,,
11388,Ireland,IRL,20220114,20220121.0,C2: Workplace closing,2,1.0,"Need COVID pass to access businesses, services, and events. Restrictions on opening hours remain and apply to all    http://web.archive.org/web/20220128181053/https://www.citizensinformation.ie/en/covid19/living_with_covid19_plan.html"
11389,Ireland,IRL,20220114,20220121.0,C3: Cancel public events,2,1.0,"Need COVID pass to access businesses, services, and events. Restrictions on opening hours remain and apply to all    http://web.archive.org/web/20220128181053/https://www.citizensinformation.ie/en/covid19/living_with_covid19_plan.html"
11390,Ireland,IRL,20220122,,C2: Workplace closing,0,,"On 21 January 2022, the Government announced a plan for easing COVID-19 restrictions.    From 6am on 22 January 2022:    - Pubs and restaurants can return to normal opening times (no longer must close at 8pm)  - Nightclubs can reopen  - You no longer need a vaccination or recovery certificate to access hospitality or indoor activites  - Social distancing is no longer required in hospitality or other settings  - Restrictions on numbers attending indoor and outdoor events or activities no longer apply  - Limits on household visits no longer apply    https://web.archive.org/web/20220103083837/https://www.citizensinformation.ie/en/covid19/living_with_covid19_plan.html"
11391,Ireland,IRL,20220122,,C3: Cancel public events,0,,"On 21 January 2022, the Government announced a plan for easing COVID-19 restrictions.    From 6am on 22 January 2022:    - Pubs and restaurants can return to normal opening times (no longer must close at 8pm)  - Nightclubs can reopen  - You no longer need a vaccination or recovery certificate to access hospitality or indoor activites  - Social distancing is no longer required in hospitality or other settings  - Restrictions on numbers attending indoor and outdoor events or activities no longer apply  - Limits on household visits no longer apply    https://web.archive.org/web/20220103083837/https://www.citizensinformation.ie/en/covid19/living_with_covid19_plan.html"
11392,Ireland,IRL,20220122,,C4: Restrictions on gatherings,0,,"On 21 January 2022, the Government announced a plan for easing COVID-19 restrictions.    From 6am on 22 January 2022:    - Pubs and restaurants can return to normal opening times (no longer must close at 8pm)  - Nightclubs can reopen  - You no longer need a vaccination or recovery certificate to access hospitality or indoor activites  - Social distancing is no longer required in hospitality or other settings  - Restrictions on numbers attending indoor and outdoor events or activities no longer apply  - Limits on household visits no longer apply    https://web.archive.org/web/20220103083837/https://www.citizensinformation.ie/en/covid19/living_with_covid19_plan.html"
11393,Ireland,IRL,20220122,20220308.0,H6: Facial Coverings,2,1.0,"Mask wearing IS still required in the following settings:    Situations where you are still required to wear a mask    public transport, taxis and at stations/airports/ports  retail premises (including shopping centres, libraries, cinemas, theatres, museums, post offices, banks), public offices and at premises providing specified services and businesses (incl. salons, hairdressers, travel agents, laundries, dry cleaners, bookmakers)  customer facing roles in premises where food and beverages are sold for consumption on the premises    https://archive.vn/VSLlU    http://web.archive.org/web/20220128230204/https://www.citizensinformation.ie/en/health/covid19/public_health_measures_for_covid19.html"
11394,Ireland,IRL,20220123,20220305.0,C8: International travel controls,3,,"You must complete a Passenger Locator Form online before you arrive in Ireland and tell the authorities if your residence details change within 14 days. This is set out in the SI 45 of 2021 (pdf), as amended, which applies until 6 February 2022. Failure to do this is an offence.    Some arrivals to Ireland are required to show proof of RT-PCR pre-departure testing.    Exemptions from pre-departure testing are set out in Statutory Instrument 135 of 2021 (pdf), as amended, which apply until 9 February 2022.    https://web.archive.org/web/20220128230204/https://www.citizensinformation.ie/en/health/covid19/public_health_measures_for_covid19.html"
11395,Ireland,IRL,20220123,,H8: Protection of elderly people,3,1.0,
11396,Ireland,IRL,20220228,,C1: School closing,0,,"on 28 Feb, all restrictions in Ireland ended, and only guidance applies now.     Protect yourself and others from COVID-19    If you have any symptoms of COVID-19, even mild ones, you should:    - self-isolate (stay in your room) until 48 hours after your symptoms are mostly or fully gone  - wear a face mask if you have to be around other people    Do these even if you completed your first round of COVID-19 vaccination, had a booster, or had COVID-19 in the past.    Do    - get a COVID-19 vaccine and booster dose when it's available to you    - keep at least 2 metres (around 6 feet) away from people you do not live with    - wash your hands properly and often    - wear a face mask in crowded places outdoors and when you move around in public indoor spaces    - cover coughs or sneezes with a tissue or your sleeve - put used tissues into a bin and wash your hands    - meet people outdoors where possible    - try to avoid crowded places where you cannot keep a distance from people - there's a greater risk of infection in crowded and enclosed places    - check that visitors to your home or workplace do not have symptoms of COVID-19, colds or flu    - let fresh air into your home by opening windows, doors and air vents as much as possible when you have visitors    - clean objects and surfaces that other people touch      Don't    - do not touch your eyes, nose or mouth if your hands are not clean    - do not share objects that touch your mouth, for example, bottles or cups    - do not shake hands or make close contact with other people, if possible    - do not wear gloves instead of washing your hands - your hands can get contaminated when you take them off      https://web.archive.org/web/20220319141023/https://www2.hse.ie/conditions/covid19/preventing-the-spread/protect-yourself-and-others/"
11397,Ireland,IRL,20220306,,C8: International travel controls,0,,"From 6 March 2022, all COVID-19 travel restrictions are removed. You no longer need to complete a passenger locator form. You also no longer need proof of vaccination or recovery, or a COVID-19 test.    You should follow public health advice if you develop symptoms of COVID-19 or if you are a close contact of a confirmed case of COVID-19.      https://web.archive.org/web/20220308070549/https://www.citizensinformation.ie/en/travel_and_recreation/travel_to_ireland/travel_to_ireland_during_covid.html"
11398,Ireland,IRL,20220309,,H6: Facial Coverings,1,1.0,"Face masks are no longer mandatory. However, they are still advised:  - on public transport  - in healthcare settings    https://web.archive.org/web/20220312042734/https://www.gov.ie/en/publication/3361b-public-health-updates/"
